id,first_name,middle_name,last_name,email,hospital_id,expert_field_id
1,Orella,Corona,Musla,omusla0@flavors.me,1,2
2,Trstram,,Miguel,tmiguel1@angelfire.com,2,3
3,Filippo,,Parchment,fparchment2@wikipedia.org,1,10
4,Tressa,Boldry,Waterson,twaterson3@odnoklassniki.ru,2,10
5,Wildon,Millar,Baldini,wbaldini4@europa.eu,3,4
6,Bunny,Brummitt,Wheeldon,bwheeldon5@amazonaws.com,1,2
7,Georgine,Mazillius,Martinson,gmartinson6@state.tx.us,3,9
8,Geno,Wallbutton,Elliston,gelliston7@aboutads.info,4,6
9,Gibby,,Murcott,gmurcott8@theguardian.com,3,3
10,Lynsey,McMichael,Letts,lletts9@who.int,5,5
11,Barnebas,,Micklewicz,bmicklewicza@stumbleupon.com,3,8
12,Hinda,,Peyzer,hpeyzerb@reverbnation.com,3,10
13,Gayleen,,Zuan,gzuanc@ning.com,2,3
14,Maudie,Cotelard,Verdey,mverdeyd@youtube.com,4,7
15,Desirae,Putson,Liven,dlivene@example.com,1,2
16,Dulce,,Branno,dbrannof@msu.edu,3,2
17,Sonnnie,Clemas,Timby,stimbyg@columbia.edu,2,5
18,Rebecca,Endrighi,Latore,rlatoreh@sciencedaily.com,1,10
19,Wit,Wermerling,Skyppe,wskyppei@hc360.com,4,8
20,Oliy,Hrynczyk,Neubigin,oneubiginj@com.com,1,5
21,Gerry,,Vaughten,gvaughtenk@instagram.com,1,10
22,Catlin,,Twaite,ctwaitel@yellowpages.com,4,4
23,Fin,,Felton,ffeltonm@skyrock.com,3,7
24,Eveleen,Franklen,Farrall,efarralln@biglobe.ne.jp,2,3
25,Robbie,,Vell,rvello@ehow.com,3,2
26,Cassondra,,Carlesi,ccarlesip@google.pl,2,4
27,Federica,,Askaw,faskawq@hugedomains.com,5,3
28,Rhoda,Hartil,Undrill,rundrillr@desdev.cn,5,5
29,Cesar,,Doogue,cdoogues@technorati.com,2,6
30,Cort,,Just,cjustt@ca.gov,1,5
31,Virgie,,Jest,vjestu@gnu.org,2,3
32,Koenraad,Berrie,Lewsley,klewsleyv@last.fm,5,7
33,Pepito,,Heater,pheaterw@sphinn.com,4,1
34,Roobbie,,Junes,rjunesx@123-reg.co.uk,2,4
35,Ennis,Slym,Sherburn,esherburny@ezinearticles.com,4,5
36,Hedvige,Lyal,Rozenbaum,hrozenbaumz@accuweather.com,1,3
37,Reginauld,Verney,Manchester,rmanchester10@bluehost.com,3,1
38,Durward,Jarnell,Scargle,dscargle11@qq.com,3,3
39,Sherill,Tireman,Mepham,smepham12@tiny.cc,1,4
40,Joscelin,Duncombe,Howerd,jhowerd13@cnn.com,5,2
41,Ira,Tidey,Wellan,iwellan14@google.de,5,9
42,Dall,,Taylder,dtaylder15@boston.com,3,10
43,Carver,,Martin,cmartin16@twitter.com,4,2
44,Sherwynd,Hoyt,Orteu,sorteu17@mtv.com,4,6
45,Tanhya,,Loudyan,tloudyan18@simplemachines.org,3,6
46,Roman,Tunn,Woodruffe,rwoodruffe19@amazonaws.com,2,6
47,Marie-jeanne,Rhucroft,Daykin,mdaykin1a@harvard.edu,4,4
48,Prisca,Hovard,Tranfield,ptranfield1b@squidoo.com,2,9
49,Donia,O'Dennehy,Sighart,dsighart1c@cbsnews.com,1,1
50,Deanne,,Cathesyed,dcathesyed1d@etsy.com,2,9
